CREATE DATABASE ENTERTAINMENT ENCODING 'UTF-8';
CREATE USER maker WITH PASSWORD 'zxcv4489';
GRANT all ON DATABASE ENTERTAINMENT TO maker WITH GRANT OPTION;
CREATE TABLE DEPARTMENT (
	DEPT_CODE VARCHAR(4) NOT NULL PRIMARY KEY,
	DEPT_NAME VARCHAR(10) NOT NULL,
	DEPT_LOC VARCHAR(10) NULL
);
INSERT INTO DEPARTMENT VALUES ('D001', '배우', '서울특별시');
INSERT INTO DEPARTMENT VALUES ('D002', '뮤지컬배우', '서울특별시');
INSERT INTO DEPARTMENT VALUES ('D003', '가수(솔로)', '서울특별시');
INSERT INTO DEPARTMENT VALUES ('D004', '가수(그룹)', '서울특별시');
INSERT INTO DEPARTMENT VALUES ('D005', '코미디언', '서울특별시');
INSERT INTO DEPARTMENT VALUES ('D101', '드라마제작', '서울특별시');
INSERT INTO DEPARTMENT VALUES ('D102', '영화제작', '대전광역시');
INSERT INTO DEPARTMENT VALUES ('D103', '음반제작', '수원시');
INSERT INTO DEPARTMENT VALUES ('D104', '예능제작', '서울특별시');
INSERT INTO DEPARTMENT VALUES ('D201', '스테프');
INSERT INTO DEPARTMENT VALUES ('D301', '임원', '서울특별시');

CREATE TABLE EMP_ROLE(
EMP_RCODE VARCHAR(4) NOT NULL PRIMARY KEY,
EMP_RNAME VARCHAR(10) NOT NULL
);

INSERT INTO EMP_ROLE VALUES ('R001', '엔터테이너');
INSERT INTO EMP_ROLE VALUES ('R002', '국장');
INSERT INTO EMP_ROLE VALUES ('R003', '실장');
INSERT INTO EMP_ROLE VALUES ('R004', '대리');
INSERT INTO EMP_ROLE VALUES ('R005', '사원');
INSERT INTO EMP_ROLE VALUES ('R006', '이사');
INSERT INTO EMP_ROLE VALUES ('R007', '사장');

CREATE TABLE EMPLOYEE(
	EMP_CODE VARCHAR(4) NOT NULL PRIMARY KEY,
	EMP_NAME VARCHAR(10) NOT NULL,
	EMP_MGT VARCHAR(4) NOT NULL,
	EMP_SAL INT NOT NULL,
    EMP_RCODE VARCHAR(4) NOT NULL,
    CONSTRAINT emprcode_fk FOREIGN KEY(EMP_RCODE) REFERENCES EMP_ROLE(EMP_RCODE)
);

INSERT INTO EMPLOYEE (EMP_CODE, EMP_NAME, EMP_MGT, EMP_SAL, EMP_RCODE)
VALUES ('E001', '김민훈', 'E202', 5500, 'R001');
INSERT INTO EMPLOYEE VALUES ('E002', '손지민', 'E201', 4500, 'R001');
INSERT INTO EMPLOYEE VALUES ('E003', '이순신', 'E203', 4500, 'R001');
INSERT INTO EMPLOYEE VALUES ('E004', '강혁민', 'E201', 4500, 'R001');
INSERT INTO EMPLOYEE VALUES ('E005', '옥주인', 'E201', 4500, 'R001');
INSERT INTO EMPLOYEE VALUES ('E006', '신승모', 'E202', 4500, 'R001');
INSERT INTO EMPLOYEE VALUES ('E007', '김건훈', 'E202', 4500, 'R001');
INSERT INTO EMPLOYEE VALUES ('E008', '소년시대', 'E203', 4500, 'R001');
INSERT INTO EMPLOYEE VALUES ('E009', '유재동', 'E203', 8500, 'R001');
INSERT INTO EMPLOYEE VALUES ('E101', '강동민', 'E902', 7500, 'R002');
INSERT INTO EMPLOYEE VALUES ('E102', '문성준', 'E902', 7500, 'R002');
INSERT INTO EMPLOYEE VALUES ('E103', '한동화', 'E902', 7500, 'R002');
INSERT INTO EMPLOYEE VALUES ('E201', '홍길동', 'E902', 3000, 'R003');
INSERT INTO EMPLOYEE VALUES ('E202', '일지매', 'E101', 2750, 'R004');
INSERT INTO EMPLOYEE VALUES ('E203', '김수현', 'E102', 2750, 'R004');
INSERT INTO EMPLOYEE VALUES ('E204', '신용주', 'E103', 2500, 'R005');
INSERT INTO EMPLOYEE VALUES ('E901', '이수민', '', 5000, 'R007');
INSERT INTO EMPLOYEE VALUES ('E902', '김형석', 'E901', 4000, 'R006');

CREATE TABLE MOVIE (
	MOV_CODE VARCHAR(5) NOT NULL PRIMARY KEY,
    MOV_NAME VARCHAR(10) NOT NULL,
    MOV_MPAA VARCHAR(2) NOT NULL,
    MOV_PDDATE DATE NOT NULL,
    MOV_OPDATE DATE NULL
);

INSERT INTO MOVIE VALUES ('MOV01', '모래가 흐르는 바다', 'A', '2013.01.01', '2013.01.01');
INSERT INTO MOVIE VALUES ('MOV02', '프랜드', '18', '2013.01.15', '2013.01.15');
INSERT INTO MOVIE VALUES ('MOV03', '5급 공무원', '15', '2013.02.01', '2013.02.01');
INSERT INTO MOVIE VALUES ('MOV04', '사랑', '18', '2013.02.01', '2013.02.01');
INSERT INTO MOVIE VALUES ('MOV05', '킬러', '18', '2013.02.08', '2013.02.08');
INSERT INTO MOVIE VALUES ('MOV06', '스토커', '18', '2013.02.28', '2013.02.28');
INSERT INTO MOVIE VALUES ('MOV07', '더 울버린', '15', '2013.07.25');
INSERT INTO MOVIE VALUES ('MOV08', '여름', '15', '2013.07.31');
INSERT INTO MOVIE VALUES ('MOV09', '봄', 'A', '2013.03.01', '2013.03.01');
INSERT INTO MOVIE VALUES ('MOV10', '저스트 어 이어', '12', '2013.05.01');

CREATE TABLE DRAMA (
	DRM_CODE VARCHAR(5) NOT NULL PRIMARY KEY,
    DRM_NAME VARCHAR(10) NOT NULL,
    DRM_PRD VARCHAR(5) NOT NULL,
    DRM_BRD VARCHAR(3) NOT NULL,
    DRM_OPDATE DATE NULL
);

INSERT INTO DRAMA VALUES ('DRM01', '왕의 게임', 'TG', 'SBC', '2013.01.01');
INSERT INTO DRAMA VALUES ('DRM02', '아이러시', 'SN', 'KBC', '2013.01.01');
INSERT INTO DRAMA VALUES ('DRM03', '야킹', 'TG', 'SBC', '2013.02.01');
INSERT INTO DRAMA VALUES ('DRM04', '닥터 호', 'HNU-E', 'MBC', '2013.02.01');
INSERT INTO DRAMA VALUES ('DRM05', '5급 사무관', 'SN', 'MBC', '2013.02.15');
INSERT INTO DRAMA VALUES ('DRM06', '그 사람', 'XTS', 'XTS', '2013.02.15');
INSERT INTO DRAMA VALUES ('DRM07', '여왕의 꿈', 'HNU-E', 'KBC', '2013.03.15');
INSERT INTO DRAMA VALUES ('DRM08', '머니의 화신', 'TG', 'SBC', '2013.3.15');
INSERT INTO DRAMA VALUES ('DRM09', '회사의 신', 'SN', 'KBC');
INSERT INTO DRAMA VALUES ('DRM10', '수의사', 'HNU-E', 'XTS');

CREATE TABLE MUSIC (
	MSC_CODE VARCHAR(5) NOT NULL PRIMARY KEY,
    MSC_NAME VARCHAR(10) NOT NULL,
    MSC_DATE DATE NOT NULL,
    MSC_PRICE VARCHAR(10) NOT NULL,
    MSC_CSF VARCHAR(2) NULL
);

INSERT INTO MUSIC VALUES ('MSC01', '소년시대 2013', '2013.01.01', '8,000', '싱글');
INSERT INTO MUSIC VALUES ('MSC02', '하이퍼주니어 4집', '2013.01.05', '15,500', '정규');
INSERT INTO MUSIC VALUES ('MSC03', '이승모 연인', '2013.01.31', '7,000', '싱글');
INSERT INTO MUSIC VALUES ('MSC04', '박장현 사랑', '2013.02.01', '7,000', '싱글');
INSERT INTO MUSIC VALUES ('MSC05', '김건훈 5집', '2013.02.08', '12,500', '정규');
INSERT INTO MUSIC VALUES ('MSC06', '원더우먼 봄', '2013.02.28', '9,500', '싱글');
INSERT INTO MUSIC VALUES ('MSC07', '슈퍼맨 안녕', '2013.03.25', '9,500', '싱글');
INSERT INTO MUSIC VALUES ('MSC08', '소년시대 4집', '2013.04.01', '13,500', '정규');
INSERT INTO MUSIC VALUES ('MSC09', '핑키 러브', '2013.04.01', '10,500', '싱글');
INSERT INTO MUSIC VALUES ('MSC10', '신승모 6집', '2013.04.02', '18,500', '정규');

CREATE TABLE PART_DRAMA(
	PD_DRM_CODE VARCHAR(5) NOT NULL,
    PD_EMP_CODE VARCHAR(4) NOT NULL,
    PD_EMP_ROLE VARCHAR(2) NOT NULL,
    PD_EMP_FEE INT NULL,
    PRIMARY KEY(PD_DRM_CODE, PD_EMP_CODE),
    CONSTRAINT pddrmcode_fk FOREIGN KEY(PD_DRM_CODE) REFERENCES DRAMA(DRM_CODE),
    CONSTRAINT pdempcode_fk FOREIGN KEY(PD_EMP_CODE) REFERENCES EMPLOYEE(EMP_CODE)
);

INSERT INTO PART_DRAMA VALUES ('DRM02', 'E003', '주연', 13500);
INSERT INTO PART_DRAMA VALUES ('DRM02', 'E001', '조연', 7500);
INSERT INTO PART_DRAMA VALUES ('DRM02', 'E004', '단역', 3500);
INSERT INTO PART_DRAMA VALUES ('DRM05', 'E001', '주연', 7500);
INSERT INTO PART_DRAMA VALUES ('DRM05', 'E004', '단역', 0);
INSERT INTO PART_DRAMA VALUES ('DRM05', 'E002', '단역', 0);
INSERT INTO PART_DRAMA VALUES ('DRM08', 'E002', '조연', 6500);
INSERT INTO PART_DRAMA VALUES ('DRM10', 'E003', '주연', 15000);

CREATE TABLE PART_MUSIC(
	PM_MSC_CODE VARCHAR(5) NOT NULL,
    PM_EMP_CODE VARCHAR(4) NOT NULL,
    PM_EMP_ROLE VARCHAR(3) NOT NULL,
    PM_EMP_FEE INT NULL,
    PRIMARY KEY(PM_MSC_CODE, PM_EMP_CODE),
    CONSTRAINT pmmsccode_fk FOREIGN KEY(PM_MSC_CODE) REFERENCES MUSIC(MSC_CODE),
    CONSTRAINT pmempcode_fk FOREIGN KEY(PM_EMP_CODE) REFERENCES EMPLOYEE(EMP_CODE)
);

INSERT INTO PART_MUSIC VALUES
('MSC01', 'E008', '메인', 8500),
('MSC03', 'E007', '피처링', 1500),
('MSC04', 'E001', '피처링', 1500),
('MSC08', 'E008', '메인', 13500),
('MSC10', 'E006', '메인', 15500);
